{
    "name": "pisignage",
    "config_server": "pisignage.com",
    "media_server": "pisignage.com",
    "description": "",
    "version": "4.7.5",
    "platform_version": "NA",
    "dependencies": {
        "@reduxjs/toolkit": "^1.7.2",
        "body-parser": "^1.19.1",
        "chalk": "^4.1.2",
        "cheerio": "^1.0.0-rc.10",
        "crypto-js": "^4.1.1",
        "dotenv": "^16.0.0",
        "ejs": "^3.1.6",
        "express": "^4.17.2",
        "express-limit": "^0.1.0",
        "feedparser": "^2.2.10",
        "http-auth": "^4.1.9",
        "http-auth-connect": "^1.0.5",
        "localforage": "^1.10.0",
        "lodash": "^4.17.21",
        "lodash.isequal": "^4.5.0",
        "loglevel": "^1.8.0",
        "@natlibfi/loglevel-message-prefix": "^3.0.1",
        "loglevel-plugin-prefix": "^0.8.4",
        "method-override": "^3.0.0",
        "multer": "^1.4.4",
        "node-fetch": "^2.6.7",
        "node-mouse": "0.0.2",
        "node-mpv": "^2.0.0-beta.2",
        "pidtree": "^0.5.0",
        "pm2": "^5.2.0",
        "ps-tree": "^1.2.0",
        "puppeteer-core": "^13.3.2",
        "redux-logger": "^3.0.6",
        "redux-persist": "^6.0.0",
        "rimraf": "^3.0.2",
        "serve-favicon": "^2.5.0",
        "text2png": "^2.3.0",
        "ws": "^8.5.0"
    }
}